Types,id,percent
非酒精饮料,7594,0.1754418389742405
西点,7192,0.16615455700589118
果蔬,7146,0.16509183319856763
米粮调料,5185,0.11978745523853529
百货,5141,0.11877093681413885
肉类,4870,0.1125101074275153
酒精饮料,2287,0.052835855377151436
食品类,1870,0.043202033036848796
零食,1459,0.033706826845327484
熟食,541,0.012498556081783527
